Price_NT,District,Ping,Rooms,type,Price_per_ping,sqm,Price_per_sqm
180000,中山區,103.12,4.0,電梯大樓,1745.5391776570984,340.91472000000005,527.9912818079547
79500,中山區,25.92,2.0,電梯大樓,3067.1296296296296,85.69152000000001,927.7464094463488
21000,大同區,13.51,1.0,電梯大樓,1554.4041450777202,44.66406,470.1766924010043
110000,信義區,19.0,1.0,電梯大樓,5789.473684210527,62.814,1751.2019613461966
79000,北投區,62.52,,電梯大樓,1263.5956493921944,206.69112,382.21284010653187
186000,松山區,90.0,,電梯大樓,2066.6666666666665,297.54,625.1260334744908
300000,中正區,116.07,,電梯大樓,2584.647195657793,383.72742,781.8049593641236
308000,大安區,102.38,,電梯大樓,3008.400078140262,338.46828,909.9818748155662
75000,信義區,65.6,,電梯大樓,1143.2926829268295,216.87359999999998,345.82355805409236
68800,大安區,42.8,,電梯大樓,1607.4766355140189,141.49679999999998,486.230077287967
79000,中山區,53.92,,電梯大樓,1465.13353115727,178.25952,443.1740868594283
72000,內湖區,33.45,4.0,電梯大樓,2152.4663677130043,110.58570000000002,651.0787561140363
70000,內湖區,45.6,,電梯大樓,1535.0877192982455,150.7536,464.3338533872491
65000,大安區,11.28,1.0,電梯大樓,5762.411347517731,37.29168,1743.016136575236
60000,北投區,52.87,,電梯大樓,1134.8590883298657,174.78822,343.2725615032867
105000,士林區,49.88,,電梯大樓,2105.0521251002406,164.90328000000002,636.7368799456262
108800,北投區,53.7,,電梯大樓,2026.070763500931,177.53220000000002,612.8465709319211
53000,松山區,22.52,,電梯大樓,2353.463587921847,74.45112,711.8764633762393
160000,士林區,79.4,,電梯大樓,2015.1133501259444,262.49640000000005,609.5321688221247
51000,松山區,34.56,,電梯大樓,1475.6944444444443,114.25536000000001,446.3685554883377
79800,士林區,37.25,,電梯大樓,2142.281879194631,123.1485,647.9981485767183
85000,南港區,58.0,,電梯大樓,1465.5172413793102,191.748,443.29015165738366
58000,松山區,46.47,,電梯大樓,1248.1170647729718,153.62982,377.5308725871058
115000,士林區,52.68,,電梯大樓,2182.9916476841304,174.16008,660.3120531409953
103000,松山區,46.6,,電梯大樓,2210.300429184549,154.05960000000002,668.5724226208557
90000,信義區,83.09,,電梯大樓,1083.1628354796003,274.69554,327.63546142758634
75000,內湖區,58.42,,電梯大樓,1283.8069154399177,193.13652000000002,388.3263507077791
125000,中山區,61.73,,電梯大樓,2024.9473513688645,204.07938,612.5067608496263
88000,南港區,61.62,,電梯大樓,1428.1077572216814,203.71572,431.9745182158745
68000,大安區,36.44,3.0,電梯大樓,1866.081229418222,120.47063999999999,564.4528824616522
55000,信義區,48.0,3.0,電梯大樓,1145.8333333333333,158.688,346.59205484976815
65000,中正區,27.0,1.0,電梯大樓,2407.4074074074074,89.262,728.1934081692098
58000,中山區,36.0,3.0,電梯大樓,1611.111111111111,119.016,487.32943469785573
49000,南港區,27.0,2.0,電梯大樓,1814.8148148148148,89.262,548.9458000044812
90000,士林區,50.0,3.0,電梯大樓,1800.0,165.3,544.464609800363
58000,中山區,43.0,3.0,電梯大樓,1348.8372093023256,142.15800000000002,407.99673602611176
75000,大安區,46.0,3.0,電梯大樓,1630.4347826086957,152.076,493.17446539887953
120000,南港區,61.0,4.0,電梯大樓,1967.2131147540983,201.666,595.0432893993038
29000,內湖區,12.17,1.0,電梯大樓,2382.9087921117502,40.23402,720.783058714988
20000,中山區,11.84,1.0,電梯大樓,1689.1891891891892,39.14304,510.94651820604633
60000,士林區,42.87,3.0,電梯大樓,1399.5801259622115,141.72822,423.3454706479768
17000,萬華區,10.84,1.0,電梯大樓,1568.2656826568266,35.83704,474.3695349839161
30000,信義區,11.09,1.0,電梯大樓,2705.139765554554,36.66354,818.2515927267253
37000,中山區,24.15,2.0,電梯大樓,1532.0910973084888,79.8399,463.42743415259787
45000,士林區,35.72,4.0,電梯大樓,1259.7984322508398,118.09031999999999,381.0642565792014
35000,大安區,12.19,1.0,電梯大樓,2871.205906480722,40.30014,868.4833352936244
27500,北投區,30.64,2.0,電梯大樓,897.5195822454308,101.29584,271.4820272974685
67000,士林區,52.0,4.0,電梯大樓,1288.4615384615386,171.912,389.7342826562427
150000,北投區,61.0,4.0,電梯大樓,2459.0163934426228,201.666,743.8041117491298
66000,北投區,40.6,3.0,電梯大樓,1625.615763546798,134.2236,491.71680688045916
95000,士林區,45.0,3.0,電梯大樓,2111.1111111111113,148.77,638.5696040868454
47000,中山區,18.69,1.0,電梯大樓,2514.713750668807,61.78914,760.6514672319439
43500,大同區,33.05,3.0,電梯大樓,1316.1875945537067,109.26329999999999,398.12086949597904
90000,中山區,83.92,3.0,電梯大樓,1072.4499523355576,277.43952,324.39502490488735
120000,大安區,59.05,1.0,電梯大樓,2032.1761219305674,195.2193,614.6933218180784
81899,大同區,49.97,3.0,電梯大樓,1638.9633780268161,165.20082,495.7541978302529
49499,大安區,15.06,1.0,電梯大樓,3286.786188579017,49.788360000000004,994.1881998121648
75000,信義區,34.67,1.0,電梯大樓,2163.2535333141045,114.61902,654.3416616195112
91999,大安區,47.28,3.0,電梯大樓,1945.8333333333333,156.30768,588.5763258721516
80000,大同區,32.9,3.0,電梯大樓,2431.6109422492405,108.7674,735.514501587792
115000,中山區,78.5,2.0,電梯大樓,1464.968152866242,259.521,443.12406317793165
109999,中正區,78.55,4.0,電梯大樓,1400.3691915977086,259.6863,423.58414748872
65000,士林區,42.0,4.0,電梯大樓,1547.6190476190477,138.852,468.1243338230634
57999,信義區,17.68,2.0,電梯大樓,3280.4864253393666,58.45008,992.2826452932143
55999,大安區,31.54,3.0,電梯大樓,1775.4914394419784,104.27123999999999,537.051252099812
16000,大安區,6.0,1.0,電梯大樓,2666.6666666666665,19.836,806.6142367412785
80000,南港區,34.11,3.0,電梯大樓,2345.3532688361183,112.76766,709.4232513115905
45999,大同區,36.68,3.0,電梯大樓,1254.062159214831,121.26408,379.32914676794644
43000,大安區,27.0,2.0,電梯大樓,1592.5925925925926,89.262,481.727946942708
36998,大安區,12.25,1.0,電梯大樓,3020.2448979591836,40.4985,913.5646999271578
87999,大同區,55.0,3.0,電梯大樓,1599.9818181818182,181.83,483.96304240224384
88000,大安區,44.39,2.0,電梯大樓,1982.4284748817302,146.75334,599.6456366853388
79999,中正區,68.0,3.0,電梯大樓,1176.4558823529412,224.808,355.85477385146436
92000,內湖區,35.4,4.0,電梯大樓,2598.870056497175,117.0324,786.1070951292121
100000,中山區,73.86,4.0,電梯大樓,1353.9128080151638,244.18116,409.5320048442722
69999,士林區,44.34,3.0,電梯大樓,1578.6874154262516,146.58804,477.52190424266536
135999,大安區,41.23,3.0,電梯大樓,3298.5447489691974,136.30638,997.744933142528
94999,松山區,46.67,3.0,電梯大樓,2035.5474608956501,154.29102,615.7130855703722
160000,士林區,79.43,3.0,電梯大樓,2014.3522598514414,262.59558000000004,609.3019539780524
158000,士林區,61.95,3.0,電梯大樓,2550.4439063761097,204.8067,771.4591368348789
98000,南港區,83.63,3.0,電梯大樓,1171.8282912830325,276.48078,354.4550185369124
180000,大安區,105.21,3.0,電梯大樓,1710.8639863130882,347.82426,517.5027181830272
45000,士林區,16.26,2.0,電梯大樓,2767.5276752767527,53.75556,837.122708795146
184999,大安區,60.08,3.0,電梯大樓,3079.211051930759,198.62448,931.4008021569143
75000,內湖區,58.42,2.0,電梯大樓,1283.8069154399177,193.13652000000002,388.3263507077791
52999,大安區,37.3,4.0,電梯大樓,1420.8847184986596,123.31379999999999,429.7896910159285
52000,信義區,26.31,2.0,電梯大樓,1976.4348156594451,86.98085999999999,597.8326726132623
69999,中山區,36.71,2.0,電梯大樓,1906.810133478616,121.36326000000001,576.772575159896
79999,士林區,50.2,2.0,電梯大樓,1593.6055776892429,165.96120000000002,482.0343550179198
67999,士林區,44.34,3.0,電梯大樓,1533.5814163283715,146.58804,463.87822635461936
61499,松山區,38.28,1.0,電梯大樓,1606.556948798328,126.55368,485.95189013863524
75999,中山區,52.16,3.0,電梯大樓,1457.0360429447853,172.44096,440.72475588166526
270000,大安區,102.38,4.0,電梯大樓,2637.2338347333466,338.46828,797.7113837668925
65800,中山區,28.0,3.0,電梯大樓,2350.0,92.568,710.8287961282517
49999,大安區,33.99,3.0,電梯大樓,1470.9914680788465,112.37094,444.94599760400683
88000,大安區,42.26,3.0,電梯大樓,2082.3473734027452,139.71156,629.869138960298
105000,北投區,68.0,3.0,電梯大樓,1544.1176470588234,224.808,467.0652289954094
88000,南港區,51.0,3.0,電梯大樓,1725.4901960784314,168.606,521.9268590678861
45000,大安區,22.94,3.0,電梯大樓,1961.6390584132519,75.83964,593.357246948957
35899,大安區,19.43,1.0,電梯大樓,1847.6067936181164,64.23558,558.8647288621041
38000,松山區,24.0,2.0,電梯大樓,1583.3333333333333,79.344,478.9272030651341
67998,大同區,36.55,2.0,電梯大樓,1860.4103967168264,120.8343,562.7375670649807
46999,大安區,22.3,2.0,電梯大樓,2107.5784753363228,73.7238,637.5010512209084
77999,大同區,47.57,3.0,電梯大樓,1639.6678578936305,157.26642,495.96728913902916
85000,南港區,70.0,1.0,電梯大樓,1214.2857142857142,231.42000000000002,367.2975542304036
90000,士林區,53.5,4.0,電梯大樓,1682.2429906542056,176.871,508.84542971996535
47999,信義區,39.61,3.0,電梯大樓,1211.789952032315,130.95066,366.5426352184861
78750,大同區,47.69,3.0,電梯大樓,1651.2895785279934,157.66314,499.48263113369427
67999,信義區,32.5,1.0,電梯大樓,2092.276923076923,107.44500000000001,632.8726325096561
49000,南港區,43.34,3.0,電梯大樓,1130.5952930318413,143.28204000000002,341.9828472570602
74999,信義區,53.44,3.0,電梯大樓,1403.4244011976048,176.67264,424.50828832353443
59999,北投區,52.87,3.0,電梯大樓,1134.840174011727,174.78822,343.2668402939283
75000,信義區,65.6,4.0,電梯大樓,1143.2926829268295,216.87359999999998,345.82355805409236
119999,大安區,63.56,3.0,電梯大樓,1887.9641283826304,210.12936000000002,571.0720291538507
124999,中山區,61.73,4.0,電梯大樓,2024.9311517900535,204.07938,612.5018607955395
59000,中正區,23.2,2.0,電梯大樓,2543.1034482758623,76.6992,769.2387925819304
86000,中山區,60.0,3.0,電梯大樓,1433.3333333333333,198.36,433.55515224843714
69000,大安區,45.8,4.0,電梯大樓,1506.5502183406115,151.41479999999999,455.701820429707
60000,中山區,49.75,4.0,電梯大樓,1206.0301507537688,164.4735,364.8004085764576
32000,信義區,17.09,1.0,電梯大樓,1872.4400234055004,56.49954,566.3762926211434
32000,信義區,9.9,1.0,電梯大樓,3232.3232323232323,32.7294,977.7142263530649
45600,大安區,25.0,2.0,電梯大樓,1824.0,82.65,551.7241379310344
66800,萬華區,33.6,2.0,電梯大樓,1988.095238095238,111.08160000000001,601.3597211419352
77999,北投區,60.13,4.0,電梯大樓,1297.172792283386,198.78978,392.36926566345613
200000,中山區,90.0,4.0,電梯大樓,2222.222222222222,297.54,672.178530617732
65000,士林區,80.75,4.0,電梯大樓,804.953560371517,266.9595,243.4826256417172
84999,中山區,90.4,3.0,電梯大樓,940.254424778761,298.86240000000004,284.4084769445738
100000,大安區,66.74,4.0,電梯大樓,1498.3518130056939,220.64244,453.22196400656196
54999,大安區,22.53,2.0,電梯大樓,2441.145139813582,74.48418000000001,738.3984088970301
43499,中山區,20.01,2.0,電梯大樓,2173.863068465767,66.15306000000001,657.5508374064631
128000,中正區,120.0,3.0,電梯大樓,1066.6666666666667,396.72,322.6456946965114
50000,士林區,38.72,2.0,電梯大樓,1291.3223140495868,128.00832,390.59961102528337
57998,中正區,20.54,2.0,電梯大樓,2823.6611489776046,67.90523999999999,854.1019809369647
54999,大安區,39.55,3.0,電梯大樓,1390.6194690265488,130.7523,420.63504810240437
70000,南港區,45.77,4.0,電梯大樓,1529.386060738475,151.31562000000002,462.60921377449324
48000,大安區,11.11,1.0,電梯大樓,4320.4320432043205,36.729659999999996,1306.8457480956808
139999,大安區,81.51,6.0,電梯大樓,1717.5683965157648,269.47206,519.5306704524395
89999,北投區,59.94,3.0,電梯大樓,1501.484818151485,198.16164,454.16963646445396
42999,中山區,47.09,3.0,電梯大樓,913.1238054788702,155.67954,276.20199802748647
80000,中山區,91.48,3.0,電梯大樓,874.508089199825,302.43288,264.52150308524654
56000,中山區,21.87,2.0,電梯大樓,2560.5852766346593,72.30222,774.5267019463579
75485,士林區,63.26,4.0,電梯大樓,1193.2500790388872,209.13756,360.9346881545333
79899,士林區,62.12,3.0,電梯大樓,1286.2041210560208,205.36872,389.0514582746584
269999,信義區,98.12,5.0,電梯大樓,2751.722380758255,324.38472,832.3419179547051
180000,中山區,90.0,4.0,電梯大樓,2000.0,297.54,604.9606775559588
169999,信義區,98.5,3.0,電梯大樓,1725.8781725888325,325.641,522.0442143341901
14000,大安區,6.0,1.0,電梯大樓,2333.3333333333335,19.836,705.7874571486187
74998,中正區,26.54,2.0,電梯大樓,2825.847776940467,87.74124,854.7633929039525
80000,南港區,73.96,4.0,電梯大樓,1081.665765278529,244.51175999999998,327.1826271259918
60000,大同區,30.41,2.0,電梯大樓,1973.0351857941466,100.53546,596.8043514198871
55000,大同區,30.39,2.0,電梯大樓,1809.805857189865,100.46934,547.4306888051618
20000,中山區,10.0,2.0,電梯大樓,2000.0,33.06,604.9606775559588
95000,中山區,53.49,4.0,電梯大樓,1776.0329033464197,176.83794,537.2150342850634
79999,中山區,47.57,3.0,電梯大樓,1681.7111624973722,157.26642,508.68456215891473
28999,士林區,17.34,1.0,電梯大樓,1672.3760092272203,57.32604,505.86086183521485
79999,萬華區,47.46,4.0,電梯大樓,1685.6089338390223,156.90276,509.86356135481617
78999,中山區,53.92,4.0,電梯大樓,1465.1149851632047,178.25952,443.1684770608605
69999,中正區,42.52,2.0,電梯大樓,1646.2605832549386,140.57112,497.9614589397879
55999,士林區,53.79,4.0,電梯大樓,1041.067112846254,177.82974,314.9023329843479
134999,大安區,84.55,4.0,電梯大樓,1596.6765227675933,279.5223,482.9632555255878
139998,信義區,53.33,3.0,電梯大樓,2625.126570410651,176.30898,794.0491743528889
108799,北投區,53.7,2.0,電梯大樓,2026.0521415270018,177.53220000000002,612.8409381509382
97999,大安區,49.4,3.0,電梯大樓,1983.7854251012147,163.3164,600.0560874474334
57999,信義區,37.2,3.0,電梯大樓,1559.1129032258063,122.98320000000001,471.60099916086097
89999,萬華區,59.24,4.0,電梯大樓,1519.2268737339634,195.84744,459.53625944765986
54999,信義區,38.58,3.0,電梯大樓,1425.583203732504,127.54548,431.2108904212051
74999,大同區,38.8,3.0,電梯大樓,1932.9639175257732,128.2728,584.6835806188062
69999,萬華區,49.4,3.0,電梯大樓,1416.9838056680162,163.3164,428.60974158137213
88000,士林區,85.0,4.0,電梯大樓,1035.2941176470588,281.01,313.15611544073164
70000,文山區,58.63,2.0,電梯大樓,1193.9280231963157,193.83078,361.13975293294493
42000,大安區,23.45,2.0,電梯大樓,1791.044776119403,77.5257,541.7558306471274
40999,大安區,34.16,3.0,電梯大樓,1200.204918032787,112.93296,363.03839020955445
55000,中正區,25.75,2.0,電梯大樓,2135.9223300970875,85.12950000000001,646.0745100112182
54360,中山區,33.04,2.0,電梯大樓,1645.2784503631963,109.23024,497.6643830499686
49600,中山區,30.69,2.0,電梯大樓,1616.1616161616162,101.46114,488.85711317653244
214999,士林區,105.2,4.0,電梯大樓,2043.7167300380227,347.7912,618.1841288681254
68888,大安區,48.17,3.0,電梯大樓,1430.1017230641478,159.25002,432.5776536794155
59999,信義區,27.65,1.0,電梯大樓,2169.9457504520797,91.4109,656.3659257265818
64999,大同區,47.69,3.0,電梯大樓,1362.9482071713148,157.66314,412.265035442019
158000,信義區,60.0,2.0,電梯大樓,2633.3333333333335,198.36,796.5315587820124
69800,中正區,40.06,2.0,電梯大樓,1742.3864203694457,132.43836000000002,527.0376347155008
68000,中山區,37.35,2.0,電梯大樓,1820.6157965194109,123.4791,550.7004829157323
160000,中山區,95.1,2.0,電梯大樓,1682.4395373291272,314.4006,508.9048812247814
62000,大安區,37.0,2.0,電梯大樓,1675.6756756756756,122.322,506.85894606039795
69000,內湖區,70.39,4.0,電梯大樓,980.252876829095,232.70934,296.5072222713536
25000,北投區,26.56,1.0,電梯大樓,941.2650602409639,87.80736,284.71417430156197
32000,松山區,11.41,1.0,電梯大樓,2804.5574057843996,37.72146,848.3234742239563
25000,北投區,21.73,1.0,電梯大樓,1150.483202945237,71.83938,347.9985489852501
20000,文山區,16.87,1.0,電梯大樓,1185.5364552459987,55.772220000000004,358.60146861645455
33000,文山區,14.95,2.0,電梯大樓,2207.3578595317726,49.4247,667.6823531554061
55000,大安區,13.25,1.0,電梯大樓,4150.943396226415,43.8045,1255.5787647387826
55000,大安區,13.44,1.0,電梯大樓,4092.261904761905,44.43264,1237.8287673206003
28000,大安區,12.99,1.0,電梯大樓,2155.504234026174,42.94494,651.9976509456061
27500,大安區,15.15,1.0,電梯大樓,1815.1815181518152,50.0859,549.0567205540881
38000,大安區,16.01,1.0,電梯大樓,2373.516552154903,52.92906000000001,717.9420907909567
35000,大安區,12.6,1.0,電梯大樓,2777.777777777778,41.6556,840.223163272165
83000,北投區,57.17,3.0,電梯大樓,1451.8103900647193,189.00402,439.1440986281668
30000,北投區,24.1,2.0,電梯大樓,1244.8132780082988,79.67460000000001,376.53154204727724
65000,士林區,61.2,3.0,電梯大樓,1062.0915032679738,202.3272,321.2617977217102
85000,士林區,55.5,3.0,電梯大樓,1531.5315315315315,183.483,463.25817650681535
38000,士林區,40.0,3.0,電梯大樓,950.0,132.24,287.35632183908046
100000,士林區,64.0,4.0,電梯大樓,1562.5,211.584,472.62552934059283
70000,士林區,83.5,4.0,電梯大樓,838.3233532934132,276.051,253.57633190968338
42000,大同區,64.6,3.0,電梯大樓,650.15479876161,213.56759999999997,196.65904378754084
22000,松山區,14.31,1.0,電梯大樓,1537.3864430468204,47.30886,465.029172125475
158000,士林區,72.16,3.0,電梯大樓,2189.578713968958,238.56096,662.304511182383
190000,士林區,105.2,4.0,電梯大樓,1806.083650190114,347.7912,546.3047943708754
56000,士林區,47.33,4.0,電梯大樓,1183.1819142193112,156.47298,357.8892662490354
45000,士林區,40.0,3.0,電梯大樓,1125.0,132.24,340.2903811252268
100000,大安區,38.0,3.0,電梯大樓,2631.5789473684213,125.628,796.0008915209985
80000,士林區,55.4,3.0,電梯大樓,1444.043321299639,183.1524,436.7947130367934
80000,士林區,58.49,3.0,電梯大樓,1367.7551718242435,193.36794,413.71904773873064
190000,士林區,95.0,4.0,電梯大樓,2000.0,314.07,604.9606775559589
52000,士林區,44.57,3.0,電梯大樓,1166.704061027597,147.34842,352.90503963327194
75000,士林區,66.5,4.0,電梯大樓,1127.8195488721803,219.849,341.1432392232851
60000,士林區,53.0,1.0,電梯大樓,1132.0754716981132,175.218,342.43057220148614
170000,士林區,109.0,5.0,電梯大樓,1559.633027522936,360.354,471.7583265344634
80000,中山區,47.0,3.0,電梯大樓,1702.127659574468,155.382,514.8601511114543
70000,士林區,48.3,4.0,電梯大樓,1449.2753623188407,159.6798,438.3773025767818
60000,士林區,54.6,4.0,電梯大樓,1098.901098901099,180.5076,332.3959766790983
48000,士林區,43.0,2.0,電梯大樓,1116.2790697674418,142.15800000000002,337.6524711940235
210000,士林區,87.4,4.0,電梯大樓,2402.745995423341,288.94440000000003,726.7834226930855
36000,北投區,29.22,2.0,電梯大樓,1232.0328542094455,96.60132,372.66571512687403
50000,北投區,40.0,4.0,電梯大樓,1250.0,132.24,378.1004234724743
42000,信義區,39.0,3.0,電梯大樓,1076.923076923077,128.934,325.7480571455163
45000,士林區,37.87,2.0,電梯大樓,1188.2756799577503,125.19821999999999,359.43003023525415
65000,士林區,58.0,4.0,電梯大樓,1120.6896551724137,191.748,338.98658656152867
38000,內湖區,37.93,3.0,電梯大樓,1001.8455048774058,125.39658,303.03856771851355
37000,內湖區,44.17,3.0,電梯大樓,837.6726284808693,146.02602000000002,253.37950044793385
26000,北投區,17.36,1.0,電梯大樓,1497.6958525345622,57.39216,453.0235488610291
39000,士林區,30.61,3.0,電梯大樓,1274.0934335184581,101.19666,385.38821340546224
48000,北投區,45.28,2.0,電梯大樓,1060.070671378092,149.69568,320.6505358070453
11000,士林區,7.4,1.0,電梯大樓,1486.4864864864865,24.4644,449.63293602132075
50000,大安區,28.25,1.0,電梯大樓,1769.9115044247787,93.39450000000001,535.3634314654503
60000,大同區,42.06,3.0,電梯大樓,1426.5335235378031,139.05036,431.49834347785935
95000,信義區,16.3,1.0,電梯大樓,5828.2208588957055,53.887800000000006,1762.922219871659
68250,信義區,10.4,1.0,電梯大樓,6562.5,34.382400000000004,1985.0272232304899
48000,大安區,16.25,1.0,電梯大樓,2953.846153846154,53.722500000000004,893.4803853134161
7000,大安區,23.91,3.0,電梯大樓,292.7645336679214,79.04646,88.55551532605003
35000,大安區,26.07,2.0,電梯大樓,1342.5393172228614,86.18742,406.0917474963283
180000,北投區,92.41,5.0,電梯大樓,1947.8411427334704,305.50746,589.1836487397068
10000,北投區,10.09,1.0,電梯大樓,991.0802775024778,33.35754,299.78229809512334
18000,北投區,7.5,1.0,電梯大樓,2400.0,24.795,725.9528130671506
48000,北投區,29.53,1.0,電梯大樓,1625.4656281747375,97.62618,491.67139388225576
70000,北投區,82.64,3.0,電梯大樓,847.0474346563408,273.20784000000003,256.21519499586833
25000,北投區,19.26,1.0,電梯大樓,1298.0269989615783,63.67356000000001,392.62764638886216
28000,中山區,15.7,2.0,電梯大樓,1783.43949044586,51.904199999999996,539.4553812600908
27000,中山區,14.52,1.0,電梯大樓,1859.504132231405,48.00312,562.463439876408
53000,內湖區,37.62,2.0,電梯大樓,1408.8250930356194,124.37172,426.14189142033257
55000,北投區,51.2,4.0,電梯大樓,1074.21875,169.2672,324.9300514216576
68000,士林區,55.93,3.0,電梯大樓,1215.80547112462,184.90458,367.75725079389593
150000,中山區,62.6,4.0,電梯大樓,2396.1661341853032,206.9556,724.793144036692
49000,士林區,33.0,2.0,電梯大樓,1484.8484848484848,109.098,449.1374727309392
15000,大同區,9.64,1.0,電梯大樓,1556.0165975103735,31.869840000000003,470.66442755909657
39000,士林區,40.11,3.0,電梯大樓,972.3261032161556,132.60366,294.10952910349533
33000,松山區,17.91,1.0,電梯大樓,1842.5460636515913,59.210460000000005,557.3339575473657
27000,大安區,14.67,2.0,電梯大樓,1840.4907975460123,48.49902,556.7122799594713
45000,松山區,32.7,2.0,電梯大樓,1376.1467889908256,108.10620000000002,416.25734694217346
46000,南港區,15.07,1.0,電梯大樓,3052.42203052422,49.82142,923.2976498863339
38000,南港區,25.19,4.0,電梯大樓,1508.5351329892815,83.27814000000001,456.3022180850821
66000,信義區,31.14,2.0,電梯大樓,2119.460500963391,102.94884,641.0951303579525
20500,信義區,8.33,2.0,電梯大樓,2460.984393757503,27.538980000000002,744.3993931510897
28000,信義區,20.69,3.0,電梯大樓,1353.3107781536974,68.40114000000001,409.3499026478213
45000,北投區,35.97,3.0,電梯大樓,1251.0425354462052,118.91682,378.4157699474305
24000,大安區,6.92,1.0,電梯大樓,3468.208092485549,22.87752,1049.0647587675587
66000,中山區,27.37,1.0,電梯大樓,2411.3993423456336,90.48522,729.4008900017042
80000,中山區,62.13,1.0,電梯大樓,1287.6227265411235,205.40178,389.4805585423846
35000,北投區,42.61,3.0,電梯大樓,821.4034264257217,140.86866,248.45838669864537
70000,士林區,42.0,3.0,電梯大樓,1666.6666666666667,138.852,504.13389796329903
70000,北投區,57.0,3.0,電梯大樓,1228.0701754385964,188.442,371.4670827097993
55000,北投區,42.0,3.0,電梯大樓,1309.5238095238096,138.852,396.1052055425921
45000,士林區,33.87,2.0,電梯大樓,1328.6093888396813,111.97421999999999,401.878218039831
65000,大安區,50.71,3.0,電梯大樓,1281.7984618418457,167.64726000000002,387.7188329830144
24000,中山區,12.39,1.0,電梯大樓,1937.0460048426148,40.96134,585.9183317733258
198000,南港區,121.2,4.0,電梯大樓,1633.6633663366335,400.6872,494.15104849867924
57000,內湖區,52.71,3.0,電梯大樓,1081.3887307911211,174.25926,327.0988296403875
63000,北投區,24.68,3.0,電梯大樓,2552.674230145867,81.59208,772.1337659243397
55000,中山區,73.16,4.0,電梯大樓,751.7769272826681,241.86696,227.39773964992986
59000,中正區,18.11,1.0,電梯大樓,3257.8685808945334,59.87166,985.4411920431136
68000,士林區,44.0,3.0,電梯大樓,1545.4545454545455,145.464,467.46961447505913
120000,文山區,69.59,3.0,電梯大樓,1724.3856875987929,230.06454000000002,521.5927669687818
72000,內湖區,56.17,2.0,電梯大樓,1281.8230372084743,185.69802,387.7262665482378
98000,大同區,78.15,4.0,電梯大樓,1253.998720409469,258.3639,379.3099577766089
53500,南港區,41.22,2.0,電梯大樓,1297.9136341581757,136.27332,392.5933557647234
20000,中山區,9.61,1.0,電梯大樓,2081.165452653486,31.77066,629.5116311716533
39500,南港區,29.97,3.0,電梯大樓,1317.9846513179848,99.08082,398.6644438348411
41500,南港區,41.17,3.0,電梯大樓,1008.0155452999757,136.10802,304.9048836358063
56000,內湖區,40.39,3.0,電梯大樓,1386.4818024263432,133.52934,419.3834853074238
45000,北投區,24.5,3.0,電梯大樓,1836.734693877551,80.997,555.57613244935
43000,信義區,32.4,3.0,電梯大樓,1327.1604938271605,107.1144,401.43995578559
138000,內湖區,115.0,4.0,電梯大樓,1200.0,380.19,362.9764065335753
45000,信義區,25.87,2.0,電梯大樓,1739.4665635871665,85.52622000000001,526.1544354468137
65000,萬華區,62.43,4.0,電梯大樓,1041.1661060387635,206.39358000000001,314.9322764787548
60999,北投區,51.1,3.0,電梯大樓,1193.7181996086106,168.9366,361.0762854230522
90000,士林區,74.0,4.0,電梯大樓,1216.2162162162163,244.644,367.88149310835337
48000,北投區,25.8,2.0,電梯大樓,1860.4651162790697,85.29480000000001,562.7541186567058
95000,北投區,59.6,3.0,電梯大樓,1593.9597315436242,197.0376,482.1414795957726
70000,北投區,36.0,3.0,電梯大樓,1944.4444444444443,119.016,588.1562142905155
55000,士林區,70.0,3.0,電梯大樓,785.7142857142857,231.42000000000002,237.66312332555526
150000,士林區,94.0,5.0,電梯大樓,1595.7446808510638,310.764,482.6813916669884
48000,文山區,46.93,3.0,電梯大樓,1022.7999147666737,155.15058,309.376864720712
40000,中山區,25.62,2.0,電梯大樓,1561.28024980484,84.69972,472.2565788883364
30000,萬華區,15.5,1.0,電梯大樓,1935.483870967742,51.243,585.4458169896376
95000,大安區,71.97,5.0,電梯大樓,1319.9944421286648,237.93282,399.2723660401285
60000,大安區,35.7,1.0,電梯大樓,1680.672268907563,118.02420000000001,508.37031727391496
67000,信義區,34.92,2.0,電梯大樓,1918.6712485681558,115.44552,580.3603292704645
45000,文山區,28.64,1.0,電梯大樓,1571.2290502793296,94.68384,475.2658954262945
65000,中正區,35.38,3.0,電梯大樓,1837.1961560203504,116.96628000000001,555.7157156746371
48000,南港區,25.81,2.0,電梯大樓,1859.7442851607905,85.32786,562.5360814158471
44500,南港區,30.81,2.0,電梯大樓,1444.336254462837,101.85786,436.8833195592368
50000,南港區,50.93,3.0,電梯大樓,981.7396426467701,168.37458,296.95693969956744
40000,大同區,22.5,1.0,電梯大樓,1777.7777777777778,74.385,537.7428244941856
32000,大安區,8.06,1.0,電梯大樓,3970.2233250620343,26.64636,1200.914496389
23000,中山區,12.96,1.0,電梯大樓,1774.6913580246912,42.845760000000006,536.8092432016609
35000,大同區,18.21,1.0,電梯大樓,1922.0208676551345,60.20226,581.373523186671
130000,中山區,45.85,3.0,電梯大樓,2835.332606324973,151.58010000000002,857.632367309429
50000,大同區,24.32,1.0,電梯大樓,2055.9210526315787,80.40192,621.87569650078
29000,中山區,13.02,1.0,電梯大樓,2227.3425499231953,43.04412,673.7273290753766
85000,大同區,30.55,2.0,電梯大樓,2782.3240589198035,100.9983,841.5983239321849
55000,大同區,29.01,1.0,電梯大樓,1895.8979662185452,95.90706,573.4718591102678
45000,南港區,36.79,2.0,電梯大樓,1223.1584669747215,121.62774,369.9813874696677
36000,中山區,22.1,2.0,電梯大樓,1628.9592760180994,73.0626,492.72815366548684
138000,大安區,88.54,4.0,電梯大樓,1558.617573977863,292.71324000000004,471.4511718021364
138000,大安區,82.55,4.0,電梯大樓,1671.7141126589945,272.9103,505.66065113702194
120000,北投區,69.66,,電梯大樓,1722.6528854435833,230.29595999999998,521.0686283858389
98000,北投區,56.8,,電梯大樓,1725.3521126760563,187.7808,521.8850915535561
55000,信義區,36.15,,電梯大樓,1521.438450899032,119.5119,460.2052180577834
60000,士林區,49.62,4.0,電梯大樓,1209.1898428053205,164.04372,365.756153298645
24000,中正區,9.43,1.0,電梯大樓,2545.0689289501593,31.17558,769.8333118421534
120000,內湖區,80.42,4.0,電梯大樓,1492.1661278288982,265.86852,451.35091585871095
35000,萬華區,33.49,3.0,電梯大樓,1045.0880859958195,110.71794000000001,316.1185983048456
64000,內湖區,69.09,4.0,電梯大樓,926.3279779997105,228.41154,280.1960006048731
53000,中山區,43.21,2.0,電梯大樓,1226.5679240916454,142.85226,371.0126812134439
38000,內湖區,30.6,2.0,電梯大樓,1241.830065359477,101.1636,375.629178874615
75000,士林區,46.25,3.0,電梯大樓,1621.6216216216217,152.9025,490.5086574778045
55000,中正區,51.84,4.0,電梯大樓,1060.9567901234568,171.38304000000002,320.9185693053408
25000,北投區,19.61,2.0,電梯大樓,1274.8597654258033,64.83066,385.6200137404124
29000,中山區,11.77,1.0,電梯大樓,2463.891248937978,38.91162,745.2786596908584
23000,北投區,19.61,1.0,電梯大樓,1172.870984191739,64.83066,354.77041264117935
42800,文山區,58.96,3.0,電梯大樓,725.9158751696065,194.92176,219.575279845616
25000,士林區,10.3,1.0,電梯大樓,2427.1844660194174,34.0518,734.1755795582025
65000,中山區,52.15,2.0,電梯大樓,1246.4046021093002,172.40789999999998,377.0128863004538
50000,大安區,23.23,2.0,電梯大樓,2152.389151958674,76.79838000000001,651.0553998665075
70000,大同區,53.6,3.0,電梯大樓,1305.9701492537313,177.2016,395.03029318019696
52000,內湖區,37.0,3.0,電梯大樓,1405.4054054054054,122.322,425.1075031474305
22000,大安區,9.52,1.0,電梯大樓,2310.924369747899,31.473119999999998,699.0091862516332
60000,大安區,48.47,4.0,電梯大樓,1237.8791004745203,160.24182,374.43408967771336
70000,大安區,46.34,4.0,電梯大樓,1510.5740181268882,153.20004,456.9189407522348
180000,大安區,115.77,4.0,電梯大樓,1554.8069448043534,382.73562,470.29853139877605
55000,南港區,39.94,3.0,電梯大樓,1377.0655983975964,132.04164,416.53526872280594
46000,大安區,32.69,2.0,電梯大樓,1407.1581523401653,108.07314,425.6376746340488
68000,南港區,35.72,2.0,電梯大樓,1903.6954087346026,118.09031999999999,575.8304321641266
28000,萬華區,15.2,1.0,電梯大樓,1842.1052631578948,50.2512,557.200624064699
25000,松山區,13.24,1.0,電梯大樓,1888.2175226586103,43.77144,571.1486759402935
40000,北投區,43.28,2.0,電梯大樓,924.2144177449168,143.08368000000002,279.5566901829754
25800,內湖區,12.92,1.0,電梯大樓,1996.904024767802,42.71352,604.0242059188753
32000,中山區,12.37,1.0,電梯大樓,2586.9037995149556,40.895219999999995,782.4875376633261
120000,信義區,110.83,4.0,電梯大樓,1082.7393305061807,366.40398,327.50735949975217
26000,松山區,12.86,1.0,電梯大樓,2021.7729393468119,42.51516,611.5465636257749
27000,中山區,16.07,2.0,電梯大樓,1680.1493466085874,53.12742,508.21214355976633
38000,北投區,29.65,1.0,電梯大樓,1281.618887015177,98.02289999999999,387.6645151286077
25000,大同區,14.76,1.0,電梯大樓,1693.7669376693768,48.79656,512.3311971171738
58000,大安區,43.83,4.0,電梯大樓,1323.294547113849,144.90198,400.2705829140499
265000,中山區,151.14,4.0,電梯大樓,1753.3412729919282,499.66884,530.3512622480121
45000,大安區,37.28,2.0,電梯大樓,1207.0815450643777,123.24768,365.1184346837198
50000,大安區,38.66,3.0,電梯大樓,1293.3264355923436,127.80995999999999,391.2058183884887
42000,大安區,17.01,1.0,電梯大樓,2469.135802469136,56.235060000000004,746.8650340197022
35000,文山區,38.54,1.0,電梯大樓,908.1473793461339,127.41324,274.6967269649528
28000,北投區,29.43,2.0,電梯大樓,951.4101257220524,97.29558,287.7828571452064
39000,大安區,12.66,1.0,電梯大樓,3080.5687203791467,41.85396,931.811470169131
23500,中山區,8.0,1.0,電梯大樓,2937.5,26.448,888.5359951603145
21000,萬華區,10.89,1.0,電梯大樓,1928.3746556473827,36.002340000000004,583.2954191310897
39000,文山區,29.48,2.0,電梯大樓,1322.9308005427408,97.46088,400.1605567279918
60000,松山區,55.27,4.0,電梯大樓,1085.579880586213,182.72262,328.3665700502762
38000,文山區,43.96,3.0,電梯大樓,864.4222020018199,145.33176,261.4707205087174
53000,中山區,47.05,3.0,電梯大樓,1126.4612114771521,155.5473,340.732368867862
57000,大安區,31.17,2.0,電梯大樓,1828.6814244465832,103.04802000000001,553.1401767836005
70000,內湖區,49.44,2.0,電梯大樓,1415.8576051779935,163.44863999999998,428.2690880756182
220000,信義區,117.47,4.0,電梯大樓,1872.8185919809314,388.35582,566.4908021720905
53000,松山區,50.61,3.0,電梯大樓,1047.2238688006323,167.31666,316.76463061120154
32000,中山區,13.41,1.0,電梯大樓,2386.2788963460102,44.33346,721.802448985484
60000,文山區,62.09,3.0,電梯大樓,966.3391850539539,205.26954,292.2986040695565
49000,士林區,58.42,3.0,電梯大樓,838.7538514207463,193.13652000000002,253.70654912908233
70000,士林區,83.55,4.0,電梯大樓,837.8216636744464,276.2163,253.4245806637769
50000,南港區,42.69,3.0,電梯大樓,1171.2344811431249,141.13314,354.2754026446234
17000,中山區,10.54,1.0,電梯大樓,1612.9032258064517,34.84524,487.8715141580314
75000,中山區,28.35,2.0,電梯大樓,2645.5026455026455,93.72510000000001,800.2125364496809
70000,北投區,59.92,4.0,電梯大樓,1168.2242990654206,198.09552000000002,353.36488174997595
25000,文山區,11.32,1.0,電梯大樓,2208.4805653710246,37.42392,668.021949598011
23800,中山區,11.6,1.0,電梯大樓,2051.7241379310344,38.3496,620.606212320337
47000,中山區,46.96,2.0,電梯大樓,1000.8517887563884,155.24976,302.73798812957904
42000,信義區,28.71,3.0,電梯大樓,1462.9049111807733,94.91526,442.4999731339302
32000,大安區,13.67,1.0,電梯大樓,2340.8924652523774,45.19302,708.0739459323586
28500,文山區,23.61,1.0,電梯大樓,1207.115628970775,78.05466,365.12874439527377
28000,文山區,12.0,1.0,電梯大樓,2333.3333333333335,39.672,705.7874571486187
50000,南港區,39.33,3.0,電梯大樓,1271.2941774726673,130.02498,384.5414934884051
100000,內湖區,92.44,4.0,電梯大樓,1081.782778018174,305.60663999999997,327.218021179121
108800,北投區,38.7,2.0,電梯大樓,2811.3695090439273,127.94220000000001,850.3840015256889
32000,北投區,26.61,1.0,電梯大樓,1202.555430289365,87.97266,363.7493739532259
28800,中正區,15.0,2.0,電梯大樓,1920.0,49.59,580.7622504537204
21000,內湖區,11.65,1.0,電梯大樓,1802.5751072961373,38.514900000000004,545.2435291276881
75000,中正區,42.52,2.0,電梯大樓,1763.8758231420506,140.57112,533.5377565462949
58000,信義區,45.67,3.0,電梯大樓,1269.9802934092402,150.98502000000002,384.1440693917846
88000,大安區,62.55,4.0,電梯大樓,1406.8745003996803,206.7903,425.55187549899586
85000,南港區,78.5,3.0,電梯大樓,1082.8025477707006,259.521,327.52648147934076
32000,大安區,18.78,2.0,電梯大樓,1703.9403620873268,62.08668,515.4084579816475
3500,信義區,4.23,1.0,電梯大樓,827.4231678486997,13.984380000000002,250.27924012362362
70000,大安區,29.43,1.0,電梯大樓,2378.525314305131,97.29558,719.457142863016
30000,信義區,22.81,1.0,電梯大樓,1315.2126260412101,75.40986,397.8259606900212
55000,信義區,22.7,1.0,電梯大樓,2422.9074889867843,75.0462,732.8818780964259
45000,信義區,26.99,1.0,電梯大樓,1667.2841793256762,89.22894,504.320683401596
35000,大安區,16.6,2.0,電梯大樓,2108.433734939759,54.8796,637.7597504354987
55000,大安區,36.66,3.0,電梯大樓,1500.2727768685218,121.19796,453.8030178065704
33000,信義區,15.05,2.0,電梯大樓,2192.691029900332,49.755300000000005,663.245925559689
46000,松山區,30.0,3.0,電梯大樓,1533.3333333333333,99.18,463.8031861262351
60999,北投區,51.5,3.0,電梯大樓,1184.4466019417475,170.25900000000001,358.2718094197663
30000,中正區,14.42,1.0,電梯大樓,2080.4438280166437,47.67252,629.2933539070307
105000,中山區,49.82,3.0,電梯大樓,2107.587314331594,164.70492000000002,637.5037248431922
15000,萬華區,9.3,1.0,電梯大樓,1612.9032258064515,30.745800000000003,487.8715141580313
185000,中正區,57.67,2.0,電梯大樓,3207.907057395526,190.65702000000002,970.3288134892698
78000,文山區,59.24,4.0,電梯大樓,1316.6779203241053,195.84744,398.26918340112076
55000,文山區,24.21,2.0,電梯大樓,2271.788517141677,80.03826000000001,687.1713602969379
75000,文山區,68.57,3.0,電梯大樓,1093.7727869330613,226.69241999999997,330.8447631376471
23500,中正區,20.0,2.0,電梯大樓,1175.0,66.12,355.4143980641258
45000,南港區,36.72,2.0,電梯大樓,1225.4901960784314,121.39632,370.68668967889636
42000,大安區,34.16,3.0,電梯大樓,1229.5081967213116,112.93296,371.9020558745649
60000,南港區,51.03,3.0,電梯大樓,1175.7789535567313,168.70518,355.6500161998582
47000,中山區,14.44,1.0,電梯大樓,3254.847645429363,47.73864,984.5274184601824
105000,內湖區,53.71,3.0,電梯大樓,1954.943213554273,177.56526,591.3318855276083
30000,中山區,19.39,1.0,電梯大樓,1547.1892728210416,64.10334,467.99433539656434
50000,大同區,27.57,1.0,電梯大樓,1813.5654697134567,91.14642,548.5678976749717
60000,大同區,28.02,2.0,電梯大樓,2141.3276231263385,92.63412,647.7095048779003
35000,中山區,31.26,1.0,電梯大樓,1119.6417146513115,103.34556,338.6696051576865
46000,士林區,21.64,2.0,電梯大樓,2125.6931608133086,71.54184000000001,642.9803874208435
18000,中山區,15.92,1.0,電梯大樓,1130.6532663316582,52.63152,342.00038304042897
50000,中正區,25.75,2.0,電梯大樓,1941.7475728155339,85.12950000000001,587.340463646562
63000,中正區,43.65,3.0,電梯大樓,1443.298969072165,144.30689999999998,436.56956112285695
13500,中正區,6.65,1.0,電梯大樓,2030.0751879699246,21.984900000000003,614.057830601913
45000,大同區,22.44,,電梯大樓,2005.3475935828876,74.18664000000001,606.5782194745576
48000,內湖區,38.6,3.0,電梯大樓,1243.523316062176,127.61160000000001,376.1413539208034
93000,萬華區,52.78,2.0,電梯大樓,1762.0310723758998,174.49068,532.9797557095886
80000,北投區,62.88,3.0,電梯大樓,1272.264631043257,207.88128,384.8350366132054
33500,中山區,16.02,1.0,電梯大樓,2091.136079900125,52.96212,632.5275498790456
75000,大安區,43.35,4.0,電梯大樓,1730.1038062283737,143.3151,523.3223854290302
86000,信義區,39.06,2.0,電梯大樓,2201.7409114183306,129.13236,665.9833367871539
40000,士林區,40.61,3.0,電梯大樓,984.9790691947796,134.25666,297.9368025392558
39500,中山區,24.34,1.0,電梯大樓,1622.8430566967954,80.46804,490.87811757313835
41000,內湖區,39.69,3.0,電梯大樓,1033.005794910557,131.21514,312.4639428041612
90000,士林區,69.0,3.0,電梯大樓,1304.3478260869565,228.114,394.5395723191036
200000,信義區,128.0,5.0,電梯大樓,1562.5,423.168,472.62552934059283
25000,大同區,11.21,1.0,電梯大樓,2230.151650312221,37.06026000000001,674.5770267127104
30000,大安區,13.58,1.0,電梯大樓,2209.1310751104565,44.89548,668.2187160043728
58000,北投區,58.88,3.0,電梯大樓,985.0543478260869,194.65728000000001,297.95957284515634
26500,信義區,18.19,1.0,電梯大樓,1456.844420010995,60.136140000000005,440.6667937117347
50000,信義區,23.13,2.0,電梯大樓,2161.69476869866,76.46778,653.8701659705564
27000,內湖區,24.09,1.0,電梯大樓,1120.7970112079702,79.64154,339.0190596515336
24000,北投區,10.47,1.0,電梯大樓,2292.2636103151863,34.613820000000004,693.3646734165717
180000,大同區,70.3,3.0,電梯大樓,2560.4551920341396,232.4118,774.4873539123229
96000,大同區,48.24,3.0,電梯大樓,1990.049751243781,159.48144000000002,601.9509229412525
36000,萬華區,9.68,1.0,電梯大樓,3719.00826446281,32.00208,1124.9268797528161
45000,松山區,40.73,1.0,電梯大樓,1104.8367296832803,134.65338,334.1913882889535
145000,信義區,83.7,3.0,電梯大樓,1732.3775388291517,276.7122,524.010144836404
29000,大安區,9.17,1.0,電梯大樓,3162.4863685932387,30.31602,956.5899481528247
37000,文山區,46.3,3.0,電梯大樓,799.1360691144708,153.0678,241.72294891544792
42000,內湖區,33.57,3.0,電梯大樓,1251.1170688114387,110.98242,378.4383148249966
69998,士林區,88.0,5.0,電梯大樓,795.4318181818181,290.928,240.6024858384205
30800,內湖區,12.0,1.0,電梯大樓,2566.6666666666665,39.672,776.3662028634806
20000,大同區,10.03,1.0,電梯大樓,1994.0179461615155,33.15918,603.151223884306
35000,內湖區,15.55,1.0,電梯大樓,2250.8038585209,51.408300000000004,680.8239136481851
130000,內湖區,83.31,4.0,電梯大樓,1560.4369223382546,275.42286,472.00148891054283
145000,內湖區,72.31,3.0,電梯大樓,2005.2551514313373,239.05686,606.5502575412394
75000,內湖區,56.17,2.0,電梯大樓,1335.232330425494,185.69802,403.88152765441436
35000,中山區,15.15,1.0,電梯大樓,2310.2310231023102,50.0859,698.7994625233848
105000,內湖區,89.92,4.0,電梯大樓,1167.7046263345196,297.27552000000003,353.2076909662793
120000,內湖區,101.43,4.0,電梯大樓,1183.0819284235433,335.32758,357.85902251165857
75000,中山區,83.79,4.0,電梯大樓,895.094880057286,277.00974,270.74860255816276
25800,內湖區,12.96,1.0,電梯大樓,1990.7407407407406,42.845760000000006,602.1599336783848
60000,中正區,21.02,1.0,電梯大樓,2854.4243577545194,69.49212,863.4072467497034
32000,中山區,22.74,2.0,電梯大樓,1407.2119613016712,75.17844,425.6539507869544
55000,信義區,22.0,1.0,電梯大樓,2500.0,72.732,756.2008469449486
45000,中山區,12.93,2.0,電梯大樓,3480.278422273782,42.74658,1052.7157962110653
68000,大安區,32.0,2.0,電梯大樓,2125.0,105.792,642.7707199032063
50000,文山區,58.0,3.0,電梯大樓,862.0689655172414,191.748,260.7589127396375
33500,士林區,29.66,1.0,電梯大樓,1129.4672960215778,98.05596,341.64165033925525
64000,信義區,25.0,1.0,電梯大樓,2560.0,82.65,774.3496672716273
68000,信義區,30.0,1.0,電梯大樓,2266.6666666666665,99.18,685.6221012300866
68000,中山區,33.0,1.0,電梯大樓,2060.6060606060605,109.098,623.2928193000788
29000,大安區,13.73,1.0,電梯大樓,2112.163146394756,45.391380000000005,638.8878240758487
75000,士林區,49.08,4.0,電梯大樓,1528.117359413203,162.25848,462.225456567817
47000,萬華區,32.75,2.0,電梯大樓,1435.1145038167938,108.2715,434.09392129969564
65000,大安區,33.29,3.0,電梯大樓,1952.5382997897268,110.05674,590.6044463973765
35000,北投區,43.94,3.0,電梯大樓,796.5407373691398,145.26564,240.93791208987895
58800,內湖區,45.0,3.0,電梯大樓,1306.6666666666667,148.77,395.2409760032264
80000,士林區,51.58,3.0,電梯大樓,1550.9887553315239,170.52348,469.143604153516
180000,中正區,95.04,5.0,電梯大樓,1893.9393939393938,314.20224,572.8794295037488
29800,中山區,15.03,1.0,電梯大樓,1982.70126413839,49.68918,599.7281500721083
31000,內湖區,12.17,1.0,電梯大樓,2547.2473294987676,40.23402,770.4922351780906
24000,中山區,11.44,1.0,電梯大樓,2097.902097902098,37.82064,634.5741372964604
65000,北投區,65.81,4.0,電梯大樓,987.6918401458745,217.56786000000002,298.75736241557
26000,中山區,19.84,1.0,電梯大樓,1310.483870967742,65.59104,396.39560525340045
45000,內湖區,27.36,2.0,電梯大樓,1644.7368421052631,90.45216,497.50055720062403
73500,士林區,35.31,2.0,電梯大樓,2081.5632965165673,116.73486000000001,629.631971118139
37000,內湖區,38.9,2.0,電梯大樓,951.1568123393316,128.6034,287.70623482738404
168000,信義區,61.9,2.0,電梯大樓,2714.0549273021,204.6414,820.9482538723836
48000,信義區,43.29,4.0,電梯大樓,1108.8011088011087,143.11674,335.39053502755866
60000,北投區,51.24,3.0,電梯大樓,1170.9601873536299,169.39944,354.19243416625227
65000,松山區,36.89,3.0,電梯大樓,1761.9951206288968,121.95834,532.9688810129754
26000,北投區,15.04,2.0,電梯大樓,1728.7234042553193,49.72224,522.9048409725708
27000,中山區,13.82,1.0,電梯大樓,1953.6903039073807,45.68892,590.9529049931581
45000,中山區,12.02,1.0,電梯大樓,3743.760399334443,39.73812,1132.4139138942658
42800,內湖區,47.25,3.0,電梯大樓,905.8201058201058,156.20850000000002,273.9927724803708
55000,士林區,53.64,4.0,電梯大樓,1025.3542132736764,177.33384,310.1494897984502
47000,文山區,68.55,2.0,電梯大樓,685.6309263311451,226.6263,207.38987487330465
86000,中山區,64.27,3.0,電梯大樓,1338.1048700793528,212.47662,404.7504144220668
55000,松山區,42.57,3.0,電梯大樓,1291.9896640826873,140.73642,390.8014712893791
35000,萬華區,38.34,3.0,電梯大樓,912.884715701617,126.75204000000001,276.12967807066457
39900,信義區,31.32,2.0,電梯大樓,1273.9463601532566,103.54392,385.3437266041309
27000,中正區,11.83,2.0,電梯大樓,2282.333051563821,39.10998,690.3608746412041
85000,大安區,39.36,3.0,電梯大樓,2159.5528455284552,130.12416,653.2222763243967
48000,南港區,35.07,2.0,電梯大樓,1368.6911890504705,115.94142000000001,414.00217454642177
120000,信義區,61.9,3.0,電梯大樓,1938.610662358643,204.6414,586.3916099088455
125000,信義區,74.29,3.0,電梯大樓,1682.5952348902947,245.60274,508.9519766758302
34000,大安區,11.12,1.0,電梯大樓,3057.5539568345325,36.762719999999995,924.849956695261
35000,內湖區,30.84,1.0,電梯大樓,1134.8897535667963,101.95704,343.2818371345421
75000,大安區,45.16,2.0,電梯大樓,1660.7617360496015,149.29896,502.3477725497887
62000,萬華區,58.37,3.0,電梯大樓,1062.1894808977215,192.97122,321.29143402834893
75000,大安區,38.11,1.0,電梯大樓,1967.987404880609,125.99166,595.2774969390831
36000,文山區,46.5,2.0,電梯大樓,774.1935483870968,153.729,234.178326795855
33000,中山區,13.41,1.0,電梯大樓,2460.8501118568233,44.33346,744.3587755162804
45000,中山區,23.23,1.0,電梯大樓,1937.1502367628066,76.79838000000001,585.9498598798567
68000,大安區,26.71,1.0,電梯大樓,2545.862972669412,88.30326000000001,770.0734944553575
26000,文山區,17.15,1.0,電梯大樓,1516.0349854227406,56.6979,458.5707759899397
99000,大安區,53.03,4.0,電梯大樓,1866.8678106732038,175.31718,564.6908078261355
62000,士林區,55.47,4.0,電梯大樓,1117.7212907878134,183.38382,338.08871469685823
66500,士林區,63.21,3.0,電梯大樓,1052.048726467331,208.97226,318.2240551927801
35000,大同區,28.93,2.0,電梯大樓,1209.8167991704113,95.64258,365.94579527235675
56000,文山區,58.9,3.0,電梯大樓,950.7640067911715,194.7234,287.58741887210266
105000,士林區,49.88,4.0,電梯大樓,2105.0521251002406,164.90328000000002,636.7368799456262
60000,大安區,52.48,3.0,電梯大樓,1143.2926829268292,173.49887999999999,345.82355805409236
120000,大安區,67.2,3.0,電梯大樓,1785.7142857142856,222.16320000000002,540.1434621035346
200000,大安區,37.98,3.0,電梯大樓,5265.929436545551,125.56187999999999,1592.8401199472326
32000,中山區,31.38,3.0,電梯大樓,1019.7578075207139,103.74228,308.4566870903551
75000,中正區,14.65,1.0,電梯大樓,5119.453924914676,48.432900000000004,1548.5341575664474
28000,士林區,13.76,1.0,電梯大樓,2034.8837209302326,45.49056,615.5123172807721
45000,士林區,33.02,2.0,電梯大樓,1362.810417928528,109.16412000000001,412.2233569051809
60000,南港區,35.22,3.0,電梯大樓,1703.5775127768313,116.43732,515.2987031992835
30000,松山區,15.83,1.0,電梯大樓,1895.1358180669615,52.333980000000004,573.2413242791777
220000,士林區,95.99,3.0,電梯大樓,2291.90540681321,317.34294,693.2563238999425
170000,士林區,75.22,3.0,電梯大樓,2260.0372241425152,248.67732,683.6168252094723
260000,大安區,92.1,3.0,電梯大樓,2823.0184581976114,304.4826,853.9075796121026
40000,大安區,11.82,1.0,電梯大樓,3384.09475465313,39.07692,1023.622127844262
35000,大安區,9.76,1.0,電梯大樓,3586.065573770492,32.26656,1084.7143296341476
55000,松山區,43.2,3.0,電梯大樓,1273.148148148148,142.81920000000002,385.10228316640894
38000,文山區,35.57,2.0,電梯大樓,1068.3159966263706,117.59442,323.1445845814793
22000,北投區,12.21,1.0,電梯大樓,1801.8018018018017,40.366260000000004,545.0096194197827
40000,中山區,22.97,1.0,電梯大樓,1741.40182847192,75.93881999999999,526.7398150247792
28000,中山區,14.34,1.0,電梯大樓,1952.5801952580196,47.40804,590.6171189528189
75000,士林區,49.48,3.0,電梯大樓,1515.7639450282943,163.58087999999998,458.4887915996051
99000,松山區,91.58,5.0,電梯大樓,1081.0220572177332,302.76348,326.98791809368817
30000,萬華區,15.76,1.0,電梯大樓,1903.5532994923858,52.10256,575.7874469123974
270000,士林區,121.06,3.0,電梯大樓,2230.299025276722,400.22436,674.6216047419002
42000,文山區,39.97,3.0,電梯大樓,1050.7880910683014,132.14082,317.8427377702061
38000,南港區,17.72,1.0,電梯大樓,2144.469525959368,58.582319999999996,648.6598687112427
35000,南港區,13.45,1.0,電梯大樓,2602.2304832713758,44.4657,787.1235581583109
55000,萬華區,44.0,3.0,電梯大樓,1250.0,145.464,378.1004234724743
55000,北投區,79.15,5.0,電梯大樓,694.8831332912191,261.66990000000004,210.1884855690318
39500,信義區,15.55,1.0,電梯大樓,2540.192926045016,51.408300000000004,768.3584168315233
40000,萬華區,19.84,1.0,電梯大樓,2016.1290322580646,65.59104,609.8393926975391
125000,中正區,69.03,4.0,電梯大樓,1810.8068955526583,228.21318,547.7334832282693
250000,士林區,175.15,5.0,電梯大樓,1427.3479874393377,579.0459000000001,431.74470279471797
85000,中山區,46.52,2.0,電梯大樓,1827.1711092003438,153.79512000000003,552.6833361162564
40000,中正區,36.52,3.0,電梯大樓,1095.2902519167578,120.73512000000001,331.30376645999934
34000,中山區,16.06,1.0,電梯大樓,2117.0610211706103,53.094359999999995,640.3693348973413
28000,萬華區,15.78,1.0,電梯大樓,1774.3979721166033,52.16868,536.7204997327898
55000,中山區,14.42,1.0,電梯大樓,3814.147018030513,47.67252,1153.7044821628897
55000,中正區,18.07,1.0,電梯大樓,3043.7188710570003,59.73942,920.6651152622505
88000,士林區,47.19,3.0,電梯大樓,1864.801864801865,156.01014,564.0658998190759
52500,中山區,22.67,2.0,電梯大樓,2315.8359064843403,74.94702000000001,700.4948295475923
45000,中正區,15.51,1.0,電梯大樓,2901.3539651837523,51.27606,877.6025303036154
50000,大安區,13.57,1.0,電梯大樓,3684.598378776713,44.86242,1114.518565873174
67000,信義區,30.69,1.0,電梯大樓,2183.1215379602477,101.46114,660.3513423957191
45000,士林區,16.26,1.0,電梯大樓,2767.5276752767527,53.75556,837.122708795146
38000,中山區,12.68,1.0,電梯大樓,2996.845425867508,41.92008,906.4868196816418
100000,北投區,79.16,3.0,電梯大樓,1263.2642748863063,261.70296,382.1126058337284
15000,北投區,18.79,1.0,電梯大樓,798.2969664715274,62.11974,241.46913686374089
65000,大安區,21.63,1.0,電梯大樓,3005.085529357374,71.50878,908.9792889768221
100000,文山區,76.67,3.0,電梯大樓,1304.291117777488,253.47102,394.522419170444
64000,北投區,60.38,3.0,電梯大樓,1059.9536270288174,199.61628000000002,320.61513219262474
100000,南港區,64.92,4.0,電梯大樓,1540.3573629081948,214.62552000000002,465.9278169716257
80000,南港區,44.98,3.0,電梯大樓,1778.568252556692,148.70388,537.9819275731071
46000,松山區,47.66,4.0,電梯大樓,965.1699538396979,157.56395999999998,291.9449346157586
168000,內湖區,89.56,4.0,電梯大樓,1875.8374274229566,296.08536000000004,567.4039405393092
88000,南港區,51.0,3.0,電梯大樓,1725.4901960784314,168.606,521.9268590678861
42000,中山區,43.21,3.0,電梯大樓,971.9972228650776,142.85226,294.01004926348384
42000,中山區,13.35,1.0,電梯大樓,3146.067415730337,44.1351,951.6235377284746
26800,中山區,9.91,1.0,電梯大樓,2704.3390514631683,32.762460000000004,818.0093924570987
65000,士林區,87.96,3.0,電梯大樓,738.9722601182356,290.79576,223.52457958809305
120000,信義區,76.63,1.0,電梯大樓,1565.966331723868,253.33877999999999,473.67402653474534
47000,內湖區,37.6,3.0,電梯大樓,1250.0,124.30560000000001,378.10042347247423
68000,南港區,35.08,2.0,電梯大樓,1938.4264538198404,115.97448,586.3358904476227
29000,大安區,10.5,1.0,電梯大樓,2761.904761904762,34.713,835.421888053467
88000,南港區,79.44,3.0,電梯大樓,1107.7542799597181,262.62864,335.0738898849722
48000,中正區,27.37,2.0,電梯大樓,1753.74497625137,90.48522,530.4733745466939
125000,士林區,72.94,3.0,電梯大樓,1713.7373183438442,241.13963999999999,518.371844629112
65000,士林區,54.11,5.0,電梯大樓,1201.2566993162077,178.88766,363.35653336848384
76000,士林區,87.9,4.0,電梯大樓,864.6188850967008,290.59740000000005,261.5302132778889
60000,士林區,50.27,3.0,電梯大樓,1193.5548040580863,166.19262,361.0268614815748
175000,中正區,85.19,4.0,電梯大樓,2054.231717337716,281.63814,621.3647057887827
45000,大同區,38.0,3.0,電梯大樓,1184.2105263157894,125.628,358.20040118444933
40000,大同區,12.85,1.0,電梯大樓,3112.8404669260703,42.4821,941.5730389976013
55000,大安區,42.72,3.0,電梯大樓,1287.4531835205994,141.23232,389.42927511209905
45000,萬華區,22.86,2.0,電梯大樓,1968.5039370078741,75.57516,595.433737751928
58000,南港區,40.11,3.0,電梯大樓,1446.0234355522314,132.60366,437.39365866673666
35000,松山區,24.55,2.0,電梯大樓,1425.661914460285,81.1623,431.23469886880974
25000,士林區,16.09,1.0,電梯大樓,1553.7600994406464,53.19354,469.98188125851374
68000,松山區,63.49,4.0,電梯大樓,1071.0348086312804,209.89794,323.9669717577981
28000,北投區,42.12,3.0,電梯大樓,664.7673314339982,139.24872,201.0790476206891
118888,北投區,47.84,3.0,電梯大樓,2485.117056856187,158.15904,751.6990492607947
33333,松山區,12.0,1.0,電梯大樓,2777.75,39.672,840.2147610405324
82000,大安區,51.23,3.0,電梯大樓,1600.6246340035136,169.36638,484.15748154976217
28888,士林區,33.0,4.0,無電梯公寓,875.3939393939394,109.098,264.7894553520688
17000,萬華區,15.02,2.0,無電梯公寓,1131.8242343541945,49.65612,342.3545778445839
18000,大同區,22.38,2.0,無電梯公寓,804.289544235925,73.98828,243.28177381606923
36000,大同區,18.0,1.0,無電梯公寓,2000.0,59.508,604.9606775559588
23000,大同區,18.04,1.0,無電梯公寓,1274.9445676274945,59.64024,385.64566473910907
70000,中山區,36.0,3.0,無電梯公寓,1944.4444444444443,119.016,588.1562142905155
20000,北投區,23.27,3.0,無電梯公寓,859.4757198109154,76.93062,259.9745068998534
27000,士林區,15.9,3.0,無電梯公寓,1698.1132075471698,52.565400000000004,513.6458583022292
32000,內湖區,32.02,1.0,無電梯公寓,999.3753903810118,105.85812000000001,302.29140664882385
8500,中山區,7.0,1.0,無電梯公寓,1214.2857142857142,23.142,367.2975542304036
9000,萬華區,7.0,1.0,無電梯公寓,1285.7142857142858,23.142,388.903292714545
9000,萬華區,7.0,1.0,無電梯公寓,1285.7142857142858,23.142,388.903292714545
12000,內湖區,9.0,1.0,無電梯公寓,1333.3333333333333,29.754,403.3071183706392
9500,內湖區,7.0,1.0,無電梯公寓,1357.142857142857,23.142,410.5090311986864
8000,萬華區,7.0,1.0,無電梯公寓,1142.857142857143,23.142,345.6918157462622
8500,萬華區,7.0,1.0,無電梯公寓,1214.2857142857142,23.142,367.2975542304036
20000,士林區,20.09,3.0,無電梯公寓,995.5201592832254,66.41754,301.1252750402981
16000,大同區,10.0,1.0,無電梯公寓,1600.0,33.06,483.96854204476705
14500,中山區,12.0,1.0,無電梯公寓,1208.3333333333333,39.672,365.49707602339186
20000,中正區,18.0,1.0,無電梯公寓,1111.111111111111,59.508,336.089265308866
38000,中山區,26.0,1.0,無電梯公寓,1461.5384615384614,85.956,442.0866489832007
18000,中正區,18.0,1.0,無電梯公寓,1000.0,59.508,302.4803387779794
42000,北投區,36.0,3.0,無電梯公寓,1166.6666666666667,119.016,352.8937285743093
21000,中正區,18.0,2.0,無電梯公寓,1166.6666666666667,59.508,352.8937285743093
21000,中正區,20.0,2.0,無電梯公寓,1050.0,66.12,317.6043557168784
25000,中正區,18.0,1.0,無電梯公寓,1388.888888888889,59.508,420.1115816360825
12000,中正區,8.0,1.0,無電梯公寓,1500.0,26.448,453.7205081669691
32000,中正區,20.0,2.0,無電梯公寓,1600.0,66.12,483.96854204476705
1500,文山區,25.8,1.0,無電梯公寓,58.13953488372093,85.29480000000001,17.586066208022057
19000,士林區,15.0,2.0,無電梯公寓,1266.6666666666667,49.59,383.14176245210723
48800,大安區,17.76,3.0,無電梯公寓,2747.7477477477473,58.714560000000006,831.1396696151686
99999,北投區,49.5,3.0,無電梯公寓,2020.1818181818182,163.647,611.0652807567509
42000,大安區,26.05,3.0,無電梯公寓,1612.2840690978887,86.1213,487.68423142706854
45000,大安區,25.99,2.0,無電梯公寓,1731.4351673720662,85.92294,523.7250959988102
39500,信義區,31.13,2.0,無電梯公寓,1268.8724702858979,102.91578,383.80897467813
29999,中山區,21.69,2.0,無電梯公寓,1383.0797602581833,71.70714000000001,418.35443443986185
30000,士林區,31.88,3.0,無電梯公寓,941.0288582183188,105.39528,284.64272783373224
35000,信義區,32.77,3.0,無電梯公寓,1068.0500457735734,108.33762000000002,323.06413967742685
78000,士林區,85.38,6.0,無電梯公寓,913.5628952916375,282.26628,276.33481406280623
55000,大安區,41.0,2.0,無電梯公寓,1341.4634146341464,135.546,405.7663081168017
66000,信義區,40.0,4.0,無電梯公寓,1650.0,132.24,499.09255898366604
19000,中山區,10.0,2.0,無電梯公寓,1900.0,33.06,574.7126436781609
22000,中正區,15.0,2.0,無電梯公寓,1466.6666666666667,49.59,443.63783020770313
56000,中山區,36.0,4.0,無電梯公寓,1555.5555555555557,119.016,470.5249714324124
28000,信義區,18.52,2.0,無電梯公寓,1511.879049676026,61.22712,457.31368713733394
35000,大安區,32.45,3.0,無電梯公寓,1078.5824345146377,107.2797,326.24998019196545
40000,大安區,28.2,3.0,無電梯公寓,1418.4397163120568,93.2292,429.05012592621193
14800,信義區,14.68,1.0,無電梯公寓,1008.174386920981,48.53208,304.95293010314003
25000,大同區,21.0,2.0,無電梯公寓,1190.4761904761904,69.426,360.0956414023565
45000,士林區,29.62,3.0,無電梯公寓,1519.2437542201214,97.92372,459.54136546283166
18600,中山區,9.0,1.0,無電梯公寓,2066.6666666666665,29.754,625.1260334744908
36000,萬華區,33.23,3.0,無電梯公寓,1083.3584110743304,109.85838,327.69461919973696
35000,信義區,24.65,3.0,無電梯公寓,1419.8782961460447,81.49289999999999,429.48526804175583
45000,松山區,45.02,3.0,無電梯公寓,999.5557529986672,148.83612000000002,302.3459627945152
23000,中正區,17.41,2.0,無電梯公寓,1321.079839172889,57.55746,399.60067730577407
21000,北投區,32.0,3.0,無電梯公寓,656.25,105.792,198.502722323049
53000,北投區,47.6,3.0,無電梯公寓,1113.4453781512605,157.3656,336.7953351939687
27000,內湖區,47.27,3.0,無電梯公寓,571.1867992384175,156.27462,172.7727765391463
43000,信義區,28.1,3.0,無電梯公寓,1530.2491103202847,92.8986,462.87026930438134
23000,萬華區,21.6,2.0,無電梯公寓,1064.8148148148148,71.40960000000001,322.08554592099654
18000,大安區,17.53,1.0,無電梯公寓,1026.8111808328579,57.95418000000001,310.5901938393399
18000,內湖區,29.41,3.0,無電梯公寓,612.0367222033321,97.22946,185.129075076628
42000,松山區,22.24,2.0,無電梯公寓,1888.4892086330938,73.52543999999999,571.2308556058965
26000,北投區,23.46,3.0,無電梯公寓,1108.2693947144076,77.55876,335.22970197048016
43000,大安區,26.29,3.0,無電梯公寓,1635.6028908330163,86.91474,494.7377165254133
32000,南港區,22.91,2.0,無電梯公寓,1396.769969445657,75.74046,422.49545355283027
35000,士林區,34.08,4.0,無電梯公寓,1026.9953051643192,112.66848,310.64588782949767
50000,大安區,22.87,1.0,無電梯公寓,2186.2702229995625,75.60822,661.3037577131164
32000,萬華區,40.57,3.0,無電梯公寓,788.7601676115356,134.12442000000001,238.58444271371312
32000,士林區,28.88,2.0,無電梯公寓,1108.03324099723,95.47728,335.15827011410465
39600,松山區,28.0,3.0,無電梯公寓,1414.2857142857142,92.568,427.7936219859995
56000,松山區,36.0,4.0,無電梯公寓,1555.5555555555557,119.016,470.5249714324124
27500,士林區,45.0,4.0,無電梯公寓,611.1111111111111,148.77,184.8490959198763
45000,大安區,31.15,3.0,無電梯公寓,1444.6227929373997,102.9819,436.9699918140955
30000,內湖區,32.98,3.0,無電梯公寓,909.6422073984234,109.03187999999999,275.14888306062414
16000,中正區,11.01,1.0,無電梯公寓,1453.2243415077203,36.39906,439.57179113966134
25000,內湖區,24.91,3.0,無電梯公寓,1003.6130068245684,82.35246000000001,303.57320230628204
28000,中正區,19.27,2.0,無電梯公寓,1453.0358069538142,63.70662,439.5147631439244
36000,大安區,16.8,2.0,無電梯公寓,2142.8571428571427,55.540800000000004,648.1721545242416
48000,中山區,31.06,2.0,無電梯公寓,1545.39600772698,102.68436,467.45190796339386
25000,南港區,27.49,1.0,無電梯公寓,909.4216078574027,90.88194,275.0821560367219
25000,士林區,22.91,4.0,無電梯公寓,1091.2265386294196,75.74046,330.07457308814867
32000,松山區,26.52,3.0,無電梯公寓,1206.6365007541478,87.67512,364.98381752999023
32000,大同區,14.31,1.0,無電梯公寓,2236.198462613557,47.30886,676.4060685461454
24800,南港區,20.0,2.0,無電梯公寓,1240.0,66.12,375.0756200846945
11800,南港區,7.0,1.0,無電梯公寓,1685.7142857142858,23.142,509.8954282257368
9500,信義區,6.5,1.0,無電梯公寓,1461.5384615384614,21.489,442.0866489832007
45000,文山區,30.0,3.0,無電梯公寓,1500.0,99.18,453.7205081669691
43000,信義區,41.7,1.0,無電梯公寓,1031.1750599520383,137.86020000000002,311.9101814736958
32000,大安區,30.97,3.0,無電梯公寓,1033.257991604779,102.38682,312.54022734566814
33000,信義區,27.41,3.0,無電梯公寓,1203.9401678219629,90.61746000000001,364.16822983120466
33000,內湖區,28.58,3.0,無電梯公寓,1154.6536039188245,94.48548,349.2600132845809
26000,士林區,41.45,4.0,無電梯公寓,627.2617611580216,137.0337,189.7343500175504
25000,士林區,27.64,3.0,無電梯公寓,904.4862518089725,91.37784,273.5893078672028
35000,北投區,38.22,4.0,無電梯公寓,915.7509157509157,126.35531999999999,276.9966472325819
40000,北投區,34.32,3.0,無電梯公寓,1165.5011655011656,113.46192,352.5411873869224
19000,中正區,10.95,1.0,無電梯公寓,1735.1598173515983,36.2007,524.8517293864484
50000,北投區,37.71,4.0,無電梯公寓,1325.9082471492973,124.66926000000001,401.0611757862363
34000,萬華區,26.15,3.0,無電梯公寓,1300.1912045889103,86.4519,393.2822760402027
12500,文山區,6.0,1.0,無電梯公寓,2083.3333333333335,19.836,630.1673724541239
30000,南港區,32.78,3.0,無電梯公寓,915.1921903599756,108.37068000000001,276.82764378704644
18000,士林區,25.43,4.0,無電梯公寓,707.8254030672434,84.07158,214.10326771543964
32000,中山區,19.66,3.0,無電梯公寓,1627.6703967446592,64.99596,492.33829302621274
22000,中正區,13.5,1.0,無電梯公寓,1629.6296296296296,44.631,492.9309224530035
35000,中正區,32.3,4.0,無電梯公寓,1083.59133126935,106.78379999999999,327.76507297923473
12000,北投區,20.0,2.0,無電梯公寓,600.0,66.12,181.48820326678765
28000,北投區,28.0,3.0,無電梯公寓,1000.0,92.568,302.48033877797945
98000,文山區,57.07,6.0,無電梯公寓,1717.1894165060453,188.67342,519.4160364507094
36000,中山區,34.94,3.0,無電梯公寓,1030.337721808815,115.51164,311.65690314846194
26000,信義區,23.28,2.0,無電梯公寓,1116.8384879725086,76.96368000000001,337.82168420221063
45000,松山區,44.49,4.0,無電梯公寓,1011.4632501685771,147.08394,305.9477465724674
25000,文山區,25.03,2.0,無電梯公寓,998.8014382740711,82.74918000000001,302.1177974210741
60000,大安區,41.97,3.0,無電梯公寓,1429.5925661186561,138.75281999999999,432.4236437140521
35000,信義區,29.12,3.0,無電梯公寓,1201.923076923077,96.27072000000001,363.5580994927637
23000,南港區,21.03,3.0,無電梯公寓,1093.6757013789822,69.52518,330.8153966663588
32000,中正區,24.65,2.0,無電梯公寓,1298.1744421906694,81.49289999999999,392.6722450667482
50000,大安區,40.47,4.0,無電梯公寓,1235.4830738818878,133.79382,373.7093387422528
18000,中山區,2.52,1.0,無電梯公寓,7142.857142857143,8.33112,2160.573848414139
23000,文山區,25.0,4.0,無電梯公寓,920.0,82.65,278.28191167574107
33000,信義區,29.42,3.0,無電梯公寓,1121.6859279401767,97.26252000000001,339.28793948583683
40000,士林區,32.29,3.0,無電梯公寓,1238.7736141220191,106.75074,374.70466246885036
30000,北投區,29.54,3.0,無電梯公寓,1015.572105619499,97.65924,307.190594561252
38000,信義區,32.29,3.0,無電梯公寓,1176.8349334159184,106.75074,355.96942934540783
32000,內湖區,37.5,3.0,無電梯公寓,853.3333333333334,123.97500000000001,258.1165557572091
60000,中正區,44.19,2.0,無電梯公寓,1357.7732518669384,146.09214,410.6997132083903
16000,大安區,20.0,2.0,無電梯公寓,800.0,66.12,241.98427102238352
21000,南港區,26.97,3.0,無電梯公寓,778.6429365962181,89.16282,235.5241792487048
30000,內湖區,25.78,3.0,無電梯公寓,1163.6927851047324,85.22868000000001,351.9941878719698
23000,內湖區,31.91,3.0,無電梯公寓,720.7771858351614,105.49446,218.02092735485826
35000,士林區,33.06,3.0,無電梯公寓,1058.681185722928,109.29636,320.2302437153442
32000,士林區,20.42,2.0,無電梯公寓,1567.0910871694416,67.50852,474.0142429429648
10000,中正區,1.0,1.0,無電梯公寓,10000.0,3.306,3024.8033877797943
52000,松山區,36.16,3.0,無電梯公寓,1438.053097345133,119.54495999999999,434.98278806567845
35000,內湖區,40.89,3.0,無電梯公寓,855.9550012227928,135.18234,258.90955874857616
32000,文山區,37.1,3.0,無電梯公寓,862.5336927223719,122.6526,260.89948358208466
28000,北投區,26.41,3.0,無電梯公寓,1060.2044680045437,87.31146,320.69100665594186
31000,萬華區,30.81,4.0,無電梯公寓,1006.1668289516391,101.85786,304.34568328845705
25000,南港區,17.47,2.0,無電梯公寓,1431.0246136233545,57.75582,432.85680992841935
30000,內湖區,26.06,2.0,無電梯公寓,1151.1895625479663,86.15436,348.2122088771828
45000,大安區,22.02,2.0,無電梯公寓,2043.5967302452316,72.79812,618.1478312901487
40000,信義區,26.32,3.0,無電梯公寓,1519.756838905775,87.01392,459.69656349237
36000,南港區,25.34,2.0,無電梯公寓,1420.6787687450671,83.77404,429.7273952646906
26000,文山區,22.91,2.0,無電梯公寓,1134.8756001745962,75.74046,343.2775560116746
30000,中正區,22.55,2.0,無電梯公寓,1330.3769401330376,74.55030000000001,402.4128675538529
22000,萬華區,11.0,1.0,無電梯公寓,2000.0,36.366,604.9606775559589
23000,萬華區,12.0,1.0,無電梯公寓,1916.6666666666667,39.672,579.7539826577939
15000,萬華區,7.0,1.0,無電梯公寓,2142.8571428571427,23.142,648.1721545242417
22000,萬華區,10.0,1.0,無電梯公寓,2200.0,33.06,665.4567453115548
26000,士林區,29.27,1.0,無電梯公寓,888.2815169115136,96.76662,268.6876941656121
40000,中山區,36.94,3.0,無電梯公寓,1082.8370330265295,122.12364,327.5369125912068
27000,中正區,26.08,3.0,無電梯公寓,1035.276073619632,86.22048,313.1506574772026
39800,內湖區,32.77,3.0,無電梯公寓,1214.5254806225205,108.33762000000002,367.37007883318824
20000,北投區,27.05,3.0,無電梯公寓,739.3715341959335,89.4273,223.64535214638036
1500,北投區,25.0,3.0,無電梯公寓,60.0,82.65,18.148820326678763
22000,士林區,23.13,2.0,無電梯公寓,951.1456982274103,76.46778,287.70287302704486
56000,大安區,37.14,3.0,無電梯公寓,1507.8082929456111,122.78484,456.0823632624353
52000,中正區,39.88,3.0,無電梯公寓,1303.9117352056169,131.84328000000002,394.4076634015779
35000,大同區,32.95,3.0,無電梯公寓,1062.215477996965,108.93270000000001,321.2992976397353
22000,南港區,15.91,2.0,無電梯公寓,1382.7781269641735,52.59846,418.26319629890304
30000,北投區,25.18,3.0,無電梯公寓,1191.4217633042097,83.24508,360.38165859171494
53000,大同區,22.32,1.0,無電梯公寓,2374.5519713261647,73.78992,718.2552847326573
26000,南港區,33.93,3.0,無電梯公寓,766.2835249042146,112.17258,231.78570021301107
18000,大同區,6.45,1.0,無電梯公寓,2790.6976744186045,21.323700000000002,844.1311779850588
24000,文山區,30.0,3.0,無電梯公寓,800.0,99.18,241.98427102238352
95000,松山區,42.09,3.0,無電梯公寓,2257.068187217866,139.14954,682.7187499146602
39800,萬華區,20.47,1.0,無電梯公寓,1944.3087445041526,67.67381999999999,588.115167726604
95000,中正區,45.45,1.0,無電梯公寓,2090.2090209020903,150.2577,632.247132759253
25000,文山區,28.91,3.0,無電梯公寓,864.7526807333103,95.57646,261.5706838273776
48000,大安區,46.31,4.0,無電梯公寓,1036.4931980133879,153.10086,313.5188136761609
9800,內湖區,7.0,1.0,無電梯公寓,1400.0,23.142,423.4724742891712
25000,大同區,19.98,2.0,無電梯公寓,1251.2512512512512,66.05388,378.4789023748491
16000,萬華區,9.43,1.0,無電梯公寓,1696.712619300106,31.17558,513.2222078947689
32000,北投區,25.89,3.0,無電梯公寓,1235.9984550019312,85.59234000000001,373.8652313980433
30000,士林區,24.38,1.0,無電梯公寓,1230.5168170631666,80.60028,372.20714369726755
29000,內湖區,26.09,2.0,無電梯公寓,1111.5369873514758,86.25354,336.218084498329
50000,萬華區,28.21,3.0,無電梯公寓,1772.4211272598368,93.26226,536.1225430308037
35000,大同區,35.75,3.0,無電梯公寓,979.020979020979,118.1895,296.13459740501486
14000,中正區,4.98,1.0,無電梯公寓,2811.2449799196784,16.463880000000003,850.3463339139983
40000,大安區,15.4,2.0,無電梯公寓,2597.402597402597,50.912400000000005,785.6632176051413
33000,大安區,26.33,2.0,無電梯公寓,1253.3232054690468,87.04697999999999,379.1056277885804
15000,萬華區,12.64,1.0,無電梯公寓,1186.7088607594935,41.78784,358.9560982333616
50000,中正區,40.78,4.0,無電梯公寓,1226.0912211868563,134.81868,370.8684879573068
20000,文山區,12.55,1.0,無電梯公寓,1593.625498007968,41.490300000000005,482.04038052267634
45000,南港區,24.96,2.0,無電梯公寓,1802.8846153846152,82.51776000000001,545.3371492391456
31000,士林區,33.05,3.0,無電梯公寓,937.9727685325265,109.26329999999999,283.71832079023795
25888,中山區,15.0,1.0,無電梯公寓,1725.8666666666666,49.59,522.0407340189554
